{
  "analysis_start": "2025-09-14T21:48:48.882153",
  "ping_tests": {
    "snapchat_api": {
      "target": "accounts.snapchat.com",
      "protocol": "ICMP",
      "avg_latency_ms": 16.155401865641277,
      "min_latency_ms": 11.605024337768555,
      "max_latency_ms": 18.55301856994629,
      "std_deviation": 1.7279763228130025,
      "packet_loss_percent": 0.0,
      "success_rate": 100.0,
      "total_tests": 15,
      "failed_tests": 0
    },
    "google_recaptcha": {
      "target": "www.google.com",
      "protocol": "ICMP",
      "avg_latency_ms": 16.528765360514324,
      "min_latency_ms": 14.358043670654297,
      "max_latency_ms": 17.667055130004883,
      "std_deviation": 0.7758562776030231,
      "packet_loss_percent": 0.0,
      "success_rate": 100.0,
      "total_tests": 15,
      "failed_tests": 0
    },
    "sms_service": {
      "target": "api.sms-activate.org",
      "protocol": "ICMP",
      "avg_latency_ms": 16.63351058959961,
      "min_latency_ms": 12.481927871704102,
      "max_latency_ms": 23.603200912475586,
      "std_deviation": 2.4457897222336378,
      "packet_loss_percent": 0.0,
      "success_rate": 100.0,
      "total_tests": 15,
      "failed_tests": 0
    },
    "email_service": {
      "target": "api.mailgun.net",
      "protocol": "ICMP",
      "avg_latency_ms": 24.904457728068035,
      "min_latency_ms": 12.33983039855957,
      "max_latency_ms": 144.14095878601074,
      "std_deviation": 33.01211650070286,
      "packet_loss_percent": 0.0,
      "success_rate": 100.0,
      "total_tests": 15,
      "failed_tests": 0
    },
    "proxy_service": {
      "target": "brightdata.com",
      "protocol": "ICMP",
      "avg_latency_ms": 15.164836247762045,
      "min_latency_ms": 11.7340087890625,
      "max_latency_ms": 17.5931453704834,
      "std_deviation": 2.2465125837380446,
      "packet_loss_percent": 0.0,
      "success_rate": 100.0,
      "total_tests": 15,
      "failed_tests": 0
    },
    "cloudflare": {
      "target": "cloudflare.com",
      "protocol": "ICMP",
      "avg_latency_ms": 16.754436492919922,
      "min_latency_ms": 13.048887252807617,
      "max_latency_ms": 20.90001106262207,
      "std_deviation": 1.7513279636723866,
      "packet_loss_percent": 0.0,
      "success_rate": 100.0,
      "total_tests": 15,
      "failed_tests": 0
    },
    "google_dns": {
      "target": "8.8.8.8",
      "protocol": "ICMP",
      "avg_latency_ms": 18.79281657082694,
      "min_latency_ms": 13.725042343139648,
      "max_latency_ms": 29.799938201904297,
      "std_deviation": 4.286985838857762,
      "packet_loss_percent": 6.666666666666667,
      "success_rate": 93.33333333333333,
      "total_tests": 15,
      "failed_tests": 1
    }
  },
  "tcp_tests": {
    "farm_port_5555": {
      "target": "android-device-farm-prod.fly.dev:5555",
      "protocol": "TCP",
      "avg_latency_ms": 0,
      "min_latency_ms": 0,
      "max_latency_ms": 0,
      "std_deviation": 0,
      "packet_loss_percent": 0,
      "success_rate": 0,
      "total_tests": 8,
      "failed_tests": 8
    },
    "farm_port_5556": {
      "target": "android-device-farm-prod.fly.dev:5556",
      "protocol": "TCP",
      "avg_latency_ms": 0,
      "min_latency_ms": 0,
      "max_latency_ms": 0,
      "std_deviation": 0,
      "packet_loss_percent": 0,
      "success_rate": 0,
      "total_tests": 8,
      "failed_tests": 8
    },
    "farm_port_5557": {
      "target": "android-device-farm-prod.fly.dev:5557",
      "protocol": "TCP",
      "avg_latency_ms": 0,
      "min_latency_ms": 0,
      "max_latency_ms": 0,
      "std_deviation": 0,
      "packet_loss_percent": 0,
      "success_rate": 0,
      "total_tests": 8,
      "failed_tests": 8
    },
    "farm_port_5558": {
      "target": "android-device-farm-prod.fly.dev:5558",
      "protocol": "TCP",
      "avg_latency_ms": 0,
      "min_latency_ms": 0,
      "max_latency_ms": 0,
      "std_deviation": 0,
      "packet_loss_percent": 0,
      "success_rate": 0,
      "total_tests": 8,
      "failed_tests": 8
    },
    "farm_port_5559": {
      "target": "android-device-farm-prod.fly.dev:5559",
      "protocol": "TCP",
      "avg_latency_ms": 0,
      "min_latency_ms": 0,
      "max_latency_ms": 0,
      "std_deviation": 0,
      "packet_loss_percent": 0,
      "success_rate": 0,
      "total_tests": 8,
      "failed_tests": 8
    }
  },
  "http_tests": {
    "snapchat_api": {
      "target": "https://accounts.snapchat.com",
      "protocol": "HTTP",
      "avg_latency_ms": 361.06786727905273,
      "min_latency_ms": 301.87392234802246,
      "max_latency_ms": 591.0537242889404,
      "std_deviation": 90.10175987239386,
      "packet_loss_percent": 0,
      "success_rate": 100.0,
      "total_tests": 10,
      "failed_tests": 0
    },
    "google_recaptcha": {
      "target": "https://www.google.com/recaptcha",
      "protocol": "HTTP",
      "avg_latency_ms": 601.253342628479,
      "min_latency_ms": 427.25491523742676,
      "max_latency_ms": 854.1240692138672,
      "std_deviation": 145.36506931254434,
      "packet_loss_percent": 0,
      "success_rate": 100.0,
      "total_tests": 10,
      "failed_tests": 0
    },
    "sms_service": {
      "target": "https://api.sms-activate.org",
      "protocol": "HTTP",
      "avg_latency_ms": 0,
      "min_latency_ms": 0,
      "max_latency_ms": 0,
      "std_deviation": 0,
      "packet_loss_percent": 0,
      "success_rate": 0,
      "total_tests": 10,
      "failed_tests": 10
    },
    "email_service": {
      "target": "https://api.mailgun.net",
      "protocol": "HTTP",
      "avg_latency_ms": 74.95770454406738,
      "min_latency_ms": 49.3311882019043,
      "max_latency_ms": 263.80228996276855,
      "std_deviation": 66.41011430522428,
      "packet_loss_percent": 0,
      "success_rate": 100.0,
      "total_tests": 10,
      "failed_tests": 0
    },
    "proxy_service": {
      "target": "https://brightdata.com",
      "protocol": "HTTP",
      "avg_latency_ms": 160.68799495697021,
      "min_latency_ms": 113.65199089050293,
      "max_latency_ms": 407.98187255859375,
      "std_deviation": 88.21614506009861,
      "packet_loss_percent": 0,
      "success_rate": 100.0,
      "total_tests": 10,
      "failed_tests": 0
    },
    "cloudflare": {
      "target": "https://cloudflare.com",
      "protocol": "HTTP",
      "avg_latency_ms": 923.9937782287598,
      "min_latency_ms": 588.677167892456,
      "max_latency_ms": 1355.4120063781738,
      "std_deviation": 309.00936884874034,
      "packet_loss_percent": 0,
      "success_rate": 100.0,
      "total_tests": 10,
      "failed_tests": 0
    }
  },
  "android_farm_tests": {
    "port_5555": {
      "farm_host": "android-device-farm-prod.fly.dev",
      "port": 5555,
      "tcp_connect_ms": 0,
      "adb_connect_ms": 0,
      "uiautomator_init_ms": 0,
      "device_info_retrieval_ms": 0,
      "total_setup_ms": 1.2691020965576172,
      "connection_stable": false,
      "error_message": "Connection test failed: [Errno 8] nodename nor servname provided, or not known"
    },
    "port_5556": {
      "farm_host": "android-device-farm-prod.fly.dev",
      "port": 5556,
      "tcp_connect_ms": 0,
      "adb_connect_ms": 0,
      "uiautomator_init_ms": 0,
      "device_info_retrieval_ms": 0,
      "total_setup_ms": 0.5171298980712891,
      "connection_stable": false,
      "error_message": "Connection test failed: [Errno 8] nodename nor servname provided, or not known"
    },
    "port_5557": {
      "farm_host": "android-device-farm-prod.fly.dev",
      "port": 5557,
      "tcp_connect_ms": 0,
      "adb_connect_ms": 0,
      "uiautomator_init_ms": 0,
      "device_info_retrieval_ms": 0,
      "total_setup_ms": 0.47588348388671875,
      "connection_stable": false,
      "error_message": "Connection test failed: [Errno 8] nodename nor servname provided, or not known"
    }
  },
  "concurrent_farm_tests": [
    {
      "farm_host": "android-device-farm-prod.fly.dev",
      "port": 5555,