{
  "test_start": "2025-09-13T07:08:48.638950",
  "system_info": {
    "cpu_count": 10,
    "total_memory_gb": 16.0,
    "available_memory_gb": 5.6226348876953125,
    "cpu_percent": 20.2
  },
  "test_results": [
    {
      "test_type": "single_request",
      "endpoint": "/health",
      "iterations": 20,
      "successful_requests": 20,
      "failed_requests": 0,
      "avg_response_time_ms": 790.9372687339783,
      "median_response_time_ms": 484.5660924911499,
      "min_response_time_ms": 59.309959411621094,
      "max_response_time_ms": 2708.112955093384,
      "p95_response_time_ms": 2708.112955093384,
      "p99_response_time_ms": 2708.112955093384,
      "requests_per_second": 7.38521632282149,
      "success_rate": 100.0,
      "errors": []
    },
    {
      "test_type": "concurrent_load",
      "endpoint": "/health",
      "concurrent_users": 10,
      "requests_per_user": 5,
      "total_requests": 50,
      "successful_requests": 50,
      "failed_requests": 0,
      "test_duration_seconds": 7.744408130645752,
      "requests_per_second": 6.456271306536998,
      "avg_response_time_ms": 933.9158582687378,
      "median_response_time_ms": 642.0935392379761,
      "p95_response_time_ms": 2722.566843032837,
      "p99_response_time_ms": 4060.1730346679688,
      "min_response_time_ms": 58.09617042541504,
      "max_response_time_ms": 4060.1730346679688,
      "success_rate": 100.0,
      "system_impact": {
        "memory_increase_percent": 0.20000000000000284,
        "cpu_usage_during_test": 7.3,
        "start_memory_percent": 64.3,
        "end_memory_percent": 64.5
      }
    }
  ]
}